epoch,time,train/box_loss,train/pose_loss,train/kobj_loss,train/cls_loss,train/dfl_loss,metrics/precision(B),metrics/recall(B),metrics/mAP50(B),metrics/mAP50-95(B),metrics/precision(P),metrics/recall(P),metrics/mAP50(P),metrics/mAP50-95(P),val/box_loss,val/pose_loss,val/kobj_loss,val/cls_loss,val/dfl_loss,lr/pg0,lr/pg1,lr/pg2
1,106.451,0.83077,1.75403,0,0.50857,1.16436,0.99975,0.99898,0.995,0.82594,0.99975,0.99898,0.995,0.9856,0.72197,0.26848,0,0.31722,1.02597,0.0670673,0.000332653,0.000332653
2,198.47,0.74008,0.64409,0,0.42063,1.09077,0.99653,1,0.99496,0.81827,0.99525,0.99898,0.99496,0.97464,0.79434,0.331,0,0.33221,1.07653,0.0340673,0.000665946,0.000665946
3,287.015,0.69304,0.50713,0,0.40079,1.06775,0.99623,0.99796,0.995,0.8473,0.99623,0.99796,0.995,0.99307,0.68121,0.15519,0,0.31887,1.01121,0.0010671,0.000999076,0.000999076
4,376.86,0.61853,0.3456,0,0.36744,1.02775,0.99993,1,0.995,0.95005,0.99993,1,0.995,0.99452,0.34605,0.12591,0,0.2145,0.83646,0.00099945,0.00099945,0.00099945
5,478.367,0.5437,0.30442,0,0.33489,0.9932,0.99985,1,0.995,0.93385,0.99985,1,0.995,0.99414,0.36366,0.11253,0,0.22141,0.83959,0.000999023,0.000999023,0.000999023
6,577.42,0.51075,0.25882,0,0.31862,0.98299,0.99984,1,0.995,0.98348,0.99984,1,0.995,0.995,0.25619,0.06897,0,0.17701,0.802,0.000998474,0.000998474,0.000998474
7,673.496,0.46802,0.21554,0,0.29733,0.96412,0.99994,1,0.995,0.97994,0.99994,1,0.995,0.99499,0.25837,0.06229,0,0.16699,0.80146,0.000997803,0.000997803,0.000997803
8,770.273,0.43798,0.18644,0,0.27956,0.95036,0.99993,1,0.995,0.96242,0.99993,1,0.995,0.99499,0.2923,0.0579,0,0.17126,0.81311,0.000997011,0.000997011,0.000997011
9,873.079,0.41864,0.16881,0,0.27098,0.94301,0.99994,1,0.995,0.98555,0.99994,1,0.995,0.995,0.23626,0.04899,0,0.15397,0.79564,0.000996097,0.000996097,0.000996097
10,974.67,0.40165,0.14659,0,0.26295,0.9382,0.99994,1,0.995,0.98463,0.99994,1,0.995,0.995,0.26261,0.05054,0,0.15996,0.79987,0.000995062,0.000995062,0.000995062
11,1075.02,0.38455,0.14374,0,0.25332,0.92891,0.99891,1,0.995,0.99133,0.99891,1,0.995,0.995,0.19649,0.0356,0,0.14946,0.78024,0.000993906,0.000993906,0.000993906
12,1177.21,0.3791,0.13084,0,0.24997,0.9284,1,0.99972,0.995,0.99173,1,0.99972,0.995,0.995,0.18332,0.04447,0,0.13684,0.77689,0.000992629,0.000992629,0.000992629
13,1274.18,0.37579,0.13289,0,0.24745,0.92835,1,0.99995,0.995,0.99117,1,0.99995,0.995,0.995,0.20492,0.04682,0,0.13827,0.78224,0.000991232,0.000991232,0.000991232
14,1373.26,0.36239,0.12541,0,0.24109,0.92335,0.99994,1,0.995,0.98679,0.99994,1,0.995,0.995,0.25273,0.03656,0,0.15241,0.79139,0.000989715,0.000989715,0.000989715
15,1475.45,0.34768,0.1089,0,0.2351,0.91753,0.99984,1,0.995,0.99344,0.99984,1,0.995,0.995,0.17486,0.03431,0,0.13336,0.77531,0.000988079,0.000988079,0.000988079
16,1578.03,0.33782,0.10792,0,0.23093,0.91472,0.99992,1,0.995,0.99386,0.99992,1,0.995,0.995,0.17555,0.03791,0,0.13589,0.77348,0.000986323,0.000986323,0.000986323
17,1683.55,0.33677,0.1023,0,0.22924,0.91369,0.99994,1,0.995,0.99428,0.99994,1,0.995,0.995,0.16776,0.03053,0,0.12372,0.77286,0.000984449,0.000984449,0.000984449
18,1786.03,0.33024,0.1039,0,0.22526,0.9131,0.99995,1,0.995,0.9936,0.99995,1,0.995,0.995,0.1746,0.03165,0,0.12151,0.77403,0.000982456,0.000982456,0.000982456
19,1889.76,0.32628,0.10923,0,0.22952,0.91371,1,0.99996,0.995,0.99322,1,0.99996,0.995,0.995,0.16785,0.02961,0,0.12517,0.77136,0.000980345,0.000980345,0.000980345
20,1993.03,0.3223,0.103,0,0.22397,0.90975,0.99995,1,0.995,0.99373,0.99995,1,0.995,0.995,0.1567,0.03064,0,0.11768,0.76976,0.000978118,0.000978118,0.000978118
21,2091.69,0.30945,0.09188,0,0.21596,0.90489,0.99994,1,0.995,0.9947,0.99994,1,0.995,0.995,0.14036,0.02275,0,0.11644,0.76645,0.000975773,0.000975773,0.000975773
22,2194.76,0.30116,0.07795,0,0.2116,0.90224,0.99993,1,0.995,0.99394,0.99993,1,0.995,0.995,0.13749,0.03005,0,0.11994,0.76495,0.000973312,0.000973312,0.000973312
23,2290.65,0.29905,0.09002,0,0.21156,0.90317,0.99994,1,0.995,0.99433,0.99994,1,0.995,0.995,0.14223,0.02266,0,0.1152,0.76535,0.000970736,0.000970736,0.000970736
24,2381.28,0.29228,0.08216,0,0.20613,0.89924,0.99995,1,0.995,0.99422,0.99995,1,0.995,0.99495,0.14568,0.02723,0,0.11201,0.76733,0.000968045,0.000968045,0.000968045
25,2468.32,0.28787,0.0834,0,0.20519,0.89892,0.99994,1,0.995,0.9942,0.99994,1,0.995,0.995,0.13759,0.02579,0,0.10797,0.76541,0.000965239,0.000965239,0.000965239
26,2560.08,0.28452,0.07441,0,0.20139,0.89529,0.99995,1,0.995,0.99481,0.99995,1,0.995,0.995,0.11969,0.02722,0,0.09765,0.76131,0.00096232,0.00096232,0.00096232
27,2648.51,0.28274,0.07025,0,0.20062,0.89411,0.99995,1,0.995,0.99491,0.99995,1,0.995,0.995,0.11021,0.01771,0,0.09349,0.75966,0.000959289,0.000959289,0.000959289
28,2736.08,0.27652,0.07586,0,0.19784,0.89387,0.99993,1,0.995,0.99499,0.99993,1,0.995,0.995,0.12148,0.01941,0,0.09871,0.76177,0.000956145,0.000956145,0.000956145
29,2826.07,0.2813,0.08726,0,0.20212,0.89532,0.99994,1,0.995,0.99457,0.99994,1,0.995,0.995,0.13391,0.01887,0,0.10269,0.76231,0.000952889,0.000952889,0.000952889
30,2917.18,0.27345,0.0707,0,0.19548,0.89447,0.99994,1,0.995,0.99498,0.99994,1,0.995,0.995,0.11413,0.01655,0,0.09441,0.75883,0.000949524,0.000949524,0.000949524
31,3007.86,0.27157,0.07554,0,0.19331,0.8943,0.9999,1,0.995,0.99488,0.9999,1,0.995,0.995,0.11487,0.01931,0,0.09197,0.76103,0.000946048,0.000946048,0.000946048
32,3093.42,0.26848,0.07435,0,0.19166,0.89212,0.99994,1,0.995,0.99482,0.99994,1,0.995,0.995,0.12162,0.01539,0,0.09271,0.7612,0.000942464,0.000942464,0.000942464
33,3181.16,0.26909,0.07393,0,0.19355,0.89334,0.99995,1,0.995,0.99494,0.99995,1,0.995,0.995,0.11706,0.01644,0,0.09242,0.76109,0.000938772,0.000938772,0.000938772
34,3266.17,0.2657,0.06451,0,0.19047,0.89089,0.99995,1,0.995,0.99451,0.99995,1,0.995,0.995,0.1131,0.01461,0,0.09113,0.76011,0.000934973,0.000934973,0.000934973
35,3350.06,0.26161,0.06562,0,0.18781,0.88925,0.99992,1,0.995,0.99499,0.99992,1,0.995,0.995,0.10118,0.01502,0,0.08853,0.75786,0.000931067,0.000931067,0.000931067
36,3439.89,0.25269,0.05846,0,0.18609,0.88866,0.9999,1,0.995,0.99498,0.9999,1,0.995,0.995,0.1008,0.01282,0,0.08437,0.7575,0.000927057,0.000927057,0.000927057
37,3525.97,0.25297,0.06169,0,0.18343,0.88732,0.99994,1,0.995,0.995,0.99994,1,0.995,0.995,0.09833,0.0124,0,0.08479,0.75722,0.000922942,0.000922942,0.000922942
38,3613.31,0.24896,0.0644,0,0.18312,0.88811,0.99992,1,0.995,0.99497,0.99992,1,0.995,0.995,0.0983,0.01451,0,0.08616,0.75807,0.000918725,0.000918725,0.000918725
39,3704.14,0.25202,0.06189,0,0.18518,0.88722,0.99889,1,0.995,0.99498,0.99889,1,0.995,0.995,0.1023,0.01223,0,0.0856,0.75882,0.000914405,0.000914405,0.000914405
40,3791.37,0.25166,0.05821,0,0.18601,0.88679,0.99994,1,0.995,0.99498,0.99994,1,0.995,0.995,0.09347,0.0126,0,0.08548,0.75701,0.000909984,0.000909984,0.000909984
41,3873.97,0.24711,0.05771,0,0.18406,0.88539,0.99994,1,0.995,0.99499,0.99994,1,0.995,0.995,0.0899,0.01216,0,0.07802,0.75632,0.000905463,0.000905463,0.000905463
42,3962.01,0.24271,0.05592,0,0.17889,0.88587,0.99898,1,0.995,0.99498,0.99898,1,0.995,0.995,0.09334,0.01205,0,0.08196,0.75689,0.000900844,0.000900844,0.000900844
43,4047.85,0.24555,0.06079,0,0.18237,0.88509,0.99995,1,0.995,0.99499,0.99995,1,0.995,0.995,0.08584,0.01218,0,0.0775,0.75552,0.000896127,0.000896127,0.000896127
44,4132.7,0.24642,0.06181,0,0.18279,0.88477,0.99994,1,0.995,0.99498,0.99994,1,0.995,0.995,0.09617,0.01243,0,0.08478,0.75758,0.000891313,0.000891313,0.000891313
45,4222.59,0.24192,0.05553,0,0.17916,0.88533,0.99994,1,0.995,0.99499,0.99994,1,0.995,0.995,0.09252,0.01273,0,0.07935,0.75654,0.000886404,0.000886404,0.000886404
46,4311.56,0.24077,0.05281,0,0.17774,0.8839,0.99994,1,0.995,0.99499,0.99994,1,0.995,0.995,0.09752,0.01212,0,0.07972,0.75635,0.000881401,0.000881401,0.000881401
47,4397.97,0.23448,0.05705,0,0.17485,0.88178,0.99995,1,0.995,0.99499,0.99995,1,0.995,0.995,0.08537,0.01127,0,0.07637,0.75538,0.000876305,0.000876305,0.000876305
48,4486.78,0.23659,0.05213,0,0.17474,0.88245,0.99994,1,0.995,0.99499,0.99994,1,0.995,0.995,0.08733,0.00912,0,0.07739,0.75564,0.000871117,0.000871117,0.000871117
49,4576.5,0.22798,0.05277,0,0.17186,0.88123,0.99994,1,0.995,0.99499,0.99994,1,0.995,0.995,0.08847,0.00881,0,0.07435,0.75502,0.000865839,0.000865839,0.000865839
50,4664.26,0.22427,0.04891,0,0.16912,0.87901,0.99994,1,0.995,0.995,0.99994,1,0.995,0.995,0.08297,0.00909,0,0.07327,0.7548,0.000860473,0.000860473,0.000860473
51,4751.59,0.22767,0.05049,0,0.1703,0.88014,0.99995,1,0.995,0.99499,0.99995,1,0.995,0.995,0.08132,0.00795,0,0.07294,0.7549,0.000855018,0.000855018,0.000855018
52,4838.39,0.22088,0.04664,0,0.16534,0.87923,0.99995,1,0.995,0.99499,0.99995,1,0.995,0.995,0.07517,0.0085,0,0.06824,0.75435,0.000849477,0.000849477,0.000849477
53,4928.04,0.21296,0.04285,0,0.16239,0.8762,0.99995,1,0.995,0.99499,0.99995,1,0.995,0.995,0.08001,0.0075,0,0.06745,0.75456,0.000843851,0.000843851,0.000843851
54,5015.53,0.21609,0.0415,0,0.16297,0.87816,0.99994,1,0.995,0.995,0.99994,1,0.995,0.995,0.07789,0.00905,0,0.06737,0.7541,0.000838141,0.000838141,0.000838141
55,5101.44,0.21403,0.04209,0,0.16251,0.87688,0.99893,1,0.99499,0.99498,0.99893,1,0.99499,0.99499,0.0759,0.00703,0,0.06849,0.75434,0.000832349,0.000832349,0.000832349
56,5188.26,0.21738,0.04468,0,0.16378,0.87897,0.99995,1,0.995,0.99499,0.99995,1,0.995,0.995,0.07514,0.00839,0,0.06739,0.75402,0.000826477,0.000826477,0.000826477
57,5274.83,0.21565,0.0426,0,0.1657,0.87752,0.99995,1,0.995,0.995,0.99995,1,0.995,0.995,0.07646,0.00717,0,0.06821,0.75365,0.000820525,0.000820525,0.000820525
58,5360.49,0.21558,0.04574,0,0.16361,0.87749,0.99995,1,0.995,0.995,0.99995,1,0.995,0.995,0.07518,0.00775,0,0.06729,0.75372,0.000814495,0.000814495,0.000814495
59,5448.23,0.21086,0.04164,0,0.16177,0.87579,0.99995,1,0.995,0.995,0.99995,1,0.995,0.995,0.07479,0.00674,0,0.0674,0.7538,0.000808389,0.000808389,0.000808389
60,5538.53,0.20569,0.04003,0,0.15872,0.87457,0.99981,1,0.995,0.99499,0.99981,1,0.995,0.995,0.07199,0.00616,0,0.06351,0.75352,0.000802208,0.000802208,0.000802208
61,5628.13,0.20712,0.04135,0,0.15859,0.87613,0.99892,1,0.995,0.99499,0.99892,1,0.995,0.995,0.06896,0.00609,0,0.06191,0.75301,0.000795954,0.000795954,0.000795954
62,5718.56,0.20951,0.04032,0,0.16074,0.8765,0.99995,1,0.995,0.99499,0.99995,1,0.995,0.995,0.06894,0.00637,0,0.06532,0.75302,0.000789628,0.000789628,0.000789628
63,5807.12,0.20502,0.04037,0,0.15984,0.87453,0.99994,1,0.995,0.99499,0.99994,1,0.995,0.995,0.06916,0.00667,0,0.06485,0.75273,0.000783231,0.000783231,0.000783231
64,5896.67,0.20634,0.04197,0,0.16103,0.87549,0.99994,1,0.995,0.995,0.99994,1,0.995,0.995,0.069,0.00661,0,0.06622,0.75261,0.000776766,0.000776766,0.000776766
65,5986.92,0.20616,0.04089,0,0.16027,0.87432,0.99994,1,0.995,0.995,0.99994,1,0.995,0.995,0.06758,0.00667,0,0.06392,0.75254,0.000770234,0.000770234,0.000770234
66,6075.97,0.19961,0.03461,0,0.15308,0.87278,0.99893,1,0.995,0.995,0.99893,1,0.995,0.995,0.0682,0.0061,0,0.06161,0.7525,0.000763637,0.000763637,0.000763637
67,6163.89,0.2005,0.03912,0,0.15588,0.87372,0.99995,1,0.995,0.995,0.99995,1,0.995,0.995,0.06644,0.00654,0,0.06159,0.75249,0.000756976,0.000756976,0.000756976
68,6253.47,0.19708,0.03753,0,0.15183,0.87187,0.99995,1,0.995,0.995,0.99995,1,0.995,0.995,0.06436,0.00568,0,0.06009,0.75214,0.000750252,0.000750252,0.000750252
69,6341.26,0.19584,0.03718,0,0.1535,0.87228,0.99893,1,0.99498,0.99496,0.99893,1,0.99498,0.99498,0.06442,0.00557,0,0.06137,0.75199,0.000743468,0.000743468,0.000743468
70,6425.79,0.1952,0.03571,0,0.15016,0.87256,0.99995,1,0.995,0.995,0.99995,1,0.995,0.995,0.06838,0.00558,0,0.06195,0.75208,0.000736625,0.000736625,0.000736625
71,6514,0.19126,0.03482,0,0.15103,0.87224,0.99995,1,0.995,0.995,0.99995,1,0.995,0.995,0.06311,0.00588,0,0.0601,0.75178,0.000729725,0.000729725,0.000729725
72,6599.78,0.19155,0.03351,0,0.14931,0.87127,0.99995,1,0.995,0.99499,0.99995,1,0.995,0.995,0.0601,0.0054,0,0.05677,0.75165,0.00072277,0.00072277,0.00072277
73,6685.2,0.19315,0.03334,0,0.15204,0.87166,0.99995,1,0.995,0.99499,0.99995,1,0.995,0.995,0.06068,0.0053,0,0.05714,0.7519,0.000715761,0.000715761,0.000715761
74,6771.98,0.18501,0.03012,0,0.14719,0.86884,0.99995,1,0.995,0.99499,0.99995,1,0.995,0.995,0.0603,0.00513,0,0.05766,0.7521,0.0007087,0.0007087,0.0007087
75,6861.05,0.191,0.0348,0,0.14732,0.87292,0.99892,1,0.995,0.99499,0.99892,1,0.995,0.995,0.06116,0.00546,0,0.0574,0.75188,0.000701588,0.000701588,0.000701588
76,6946.68,0.18834,0.0386,0,0.14755,0.8724,0.99892,1,0.995,0.99499,0.99892,1,0.995,0.995,0.06095,0.00497,0,0.05595,0.75176,0.000694428,0.000694428,0.000694428
77,7034.33,0.18658,0.03309,0,0.14687,0.87185,0.99893,1,0.99499,0.99498,0.99893,1,0.99499,0.99499,0.05968,0.00496,0,0.05533,0.7518,0.000687222,0.000687222,0.000687222
78,7122.54,0.18096,0.03187,0,0.14542,0.86907,0.99893,1,0.995,0.99499,0.99893,1,0.995,0.995,0.05996,0.00486,0,0.05516,0.75202,0.00067997,0.00067997,0.00067997
79,7206.26,0.1861,0.03411,0,0.14915,0.86904,0.99994,1,0.995,0.995,0.99994,1,0.995,0.995,0.06093,0.00512,0,0.05722,0.75186,0.000672675,0.000672675,0.000672675
80,7292,0.18148,0.03044,0,0.14476,0.86773,0.99994,1,0.995,0.995,0.99994,1,0.995,0.995,0.06085,0.00476,0,0.05694,0.75176,0.000665339,0.000665339,0.000665339
81,7373.29,0.18306,0.03318,0,0.14762,0.86972,0.99995,1,0.995,0.99499,0.99995,1,0.995,0.995,0.06204,0.00486,0,0.05687,0.75185,0.000657963,0.000657963,0.000657963
82,7462.5,0.18131,0.02905,0,0.1425,0.87004,0.99995,1,0.995,0.995,0.99995,1,0.995,0.995,0.05994,0.0049,0,0.05598,0.75161,0.00065055,0.00065055,0.00065055
83,7550.83,0.18031,0.03159,0,0.14368,0.86858,0.99995,1,0.995,0.995,0.99995,1,0.995,0.995,0.05857,0.0046,0,0.05501,0.75158,0.000643101,0.000643101,0.000643101
84,7637.67,0.17399,0.0287,0,0.14078,0.8675,0.99995,1,0.995,0.995,0.99995,1,0.995,0.995,0.05802,0.00473,0,0.05471,0.75141,0.000635617,0.000635617,0.000635617
85,7726.03,0.17498,0.02643,0,0.13879,0.86691,0.99994,1,0.995,0.995,0.99994,1,0.995,0.995,0.05712,0.00433,0,0.05402,0.75137,0.000628101,0.000628101,0.000628101
